{
  "Games": [
    {
      "id": 1,
      "title": "Uncharted 4",
      "description": "For the first time ever in Uncharted history, drive vehicles during gameplay",
      "by": "Sony",
      "platform": [
        "PS4"
      ],
      "age_rating": "16",
      "likes": 98,
      "Comments": [
        {
          "user": "bob",
          "message": "Cracking game far too much cinematic",
          "dateCreated": "2011-01-03",
          "like": 6
        },
        {
          "user": "testingPriest",
          "message": "Not enough shooting for me,far too easy ",
          "dateCreated": "2011-04-02",
          "like": 5
        }
      ]
    },
    {
      "id": 2,
      "title": "Halo CE",
      "description": "Best FPS ever made",
      "by": "Bungie",
      "platform": [
        "Xbox"
      ],
      "age_rating": "16",
      "likes": 765,
      "Comments": [
        {
          "user": "bob",
          "message": "Cracking game far too much cinematic",
          "dateCreated": "2011-01-03",
          "like": 6
        },
        {
          "user": "testingPriest",
          "message": "Not enough shooting for me,far too easy ",
          "dateCreated": "2011-04-02",
          "like": 5
        }
      ]
    },
    {
      "id": 3,
      "title": "Spongebob Battle For Bikini Bottom",
      "description": "Best game ever made!",
      "by": "THQ",
      "platform": [
        "Xbox One, PC, PS4"
      ],
      "age_rating": "12",
      "likes": 1000,
      "Comments": [
        {
          "user": "xxSpongeBoyxx",
          "message": "I love Patrick",
          "dateCreated": "2020-05-17",
          "like": 20
        },
        {
          "user": "dan",
          "message": "Crabby Patty!",
          "dateCreated": "2020-05-16",
          "like": 13
        },
        {
          "user": "testingPriest",
          "message": "Not enough shooting for me,far too easy ",
          "dateCreated": "2011-04-02",
          "like": 5
        }
      ]
    },
    {
      "id": 4,
      "title": "Eve Online",
      "description": "Most Hardcore MMORPG ever made",
      "by": "CCP",
      "platform": [
        "PC"
      ],
      "age_rating": "16",
      "likes": 221,
      "Comments": [
        {
          "user": "dan",
          "message": "This game is really difficult!",
          "dateCreated": "2011-01-03",
          "like": 6
        },
        {
          "user": "testingPriest",
          "message": "Get to fly ships, happy days",
          "dateCreated": "2011-04-02",
          "like": 5
        }
      ]
    }
  ],
  "Reports": {}

  }
}